<?xml version="1.0" encoding="UTF-8"?>
<GenRun Id="impl_1" LaunchPart="xc7z020clg400-1" LaunchTime="1680167641">
  <File Type="ROUTE-PWR" Name="seppe_power_routed.rpt"/>
  <File Type="PA-TCL" Name="seppe.tcl"/>
  <File Type="BITSTR-MMI" Name="seppe.mmi"/>
  <File Type="OPT-METHODOLOGY-DRC" Name="seppe_methodology_drc_opted.rpt"/>
  <File Type="INIT-TIMING" Name="seppe_timing_summary_init.rpt"/>
  <File Type="ROUTE-PWR-SUM" Name="seppe_power_summary_routed.pb"/>
  <File Type="REPORTS-TCL" Name="seppe_reports.tcl"/>
  <File Type="OPT-TIMING" Name="seppe_timing_summary_opted.rpt"/>
  <File Type="OPT-DCP" Name="seppe_opt.dcp"/>
  <File Type="OPT-DRC" Name="seppe_drc_opted.rpt"/>
  <File Type="OPT-HWDEF" Name="seppe.hwdef"/>
  <File Type="PWROPT-DCP" Name="seppe_pwropt.dcp"/>
  <File Type="PWROPT-DRC" Name="seppe_drc_pwropted.rpt"/>
  <File Type="PWROPT-TIMING" Name="seppe_timing_summary_pwropted.rpt"/>
  <File Type="PLACE-DCP" Name="seppe_placed.dcp"/>
  <File Type="PLACE-IO" Name="seppe_io_placed.rpt"/>
  <File Type="PLACE-CLK" Name="seppe_clock_utilization_placed.rpt"/>
  <File Type="PLACE-UTIL" Name="seppe_utilization_placed.rpt"/>
  <File Type="PLACE-UTIL-PB" Name="seppe_utilization_placed.pb"/>
  <File Type="PLACE-CTRL" Name="seppe_control_sets_placed.rpt"/>
  <File Type="PLACE-SIMILARITY" Name="seppe_incremental_reuse_placed.rpt"/>
  <File Type="PLACE-PRE-SIMILARITY" Name="seppe_incremental_reuse_pre_placed.rpt"/>
  <File Type="BG-BIN" Name="seppe.bin"/>
  <File Type="PLACE-TIMING" Name="seppe_timing_summary_placed.rpt"/>
  <File Type="POSTPLACE-PWROPT-DCP" Name="seppe_postplace_pwropt.dcp"/>
  <File Type="BITSTR-MSK" Name="seppe.msk"/>
  <File Type="POSTPLACE-PWROPT-TIMING" Name="seppe_timing_summary_postplace_pwropted.rpt"/>
  <File Type="PHYSOPT-DCP" Name="seppe_physopt.dcp"/>
  <File Type="PHYSOPT-DRC" Name="seppe_drc_physopted.rpt"/>
  <File Type="BITSTR-RBT" Name="seppe.rbt"/>
  <File Type="PHYSOPT-TIMING" Name="seppe_timing_summary_physopted.rpt"/>
  <File Type="ROUTE-ERROR-DCP" Name="seppe_routed_error.dcp"/>
  <File Type="ROUTE-DCP" Name="seppe_routed.dcp"/>
  <File Type="ROUTE-BLACKBOX-DCP" Name="seppe_routed_bb.dcp"/>
  <File Type="ROUTE-DRC" Name="seppe_drc_routed.rpt"/>
  <File Type="ROUTE-DRC-PB" Name="seppe_drc_routed.pb"/>
  <File Type="ROUTE-DRC-RPX" Name="seppe_drc_routed.rpx"/>
  <File Type="ROUTE-METHODOLOGY-DRC" Name="seppe_methodology_drc_routed.rpt"/>
  <File Type="ROUTE-METHODOLOGY-DRC-RPX" Name="seppe_methodology_drc_routed.rpx"/>
  <File Type="ROUTE-METHODOLOGY-DRC-PB" Name="seppe_methodology_drc_routed.pb"/>
  <File Type="ROUTE-PWR-RPX" Name="seppe_power_routed.rpx"/>
  <File Type="ROUTE-STATUS" Name="seppe_route_status.rpt"/>
  <File Type="ROUTE-STATUS-PB" Name="seppe_route_status.pb"/>
  <File Type="ROUTE-TIMINGSUMMARY" Name="seppe_timing_summary_routed.rpt"/>
  <File Type="ROUTE-TIMING-PB" Name="seppe_timing_summary_routed.pb"/>
  <File Type="ROUTE-TIMING-RPX" Name="seppe_timing_summary_routed.rpx"/>
  <File Type="ROUTE-SIMILARITY" Name="seppe_incremental_reuse_routed.rpt"/>
  <File Type="ROUTE-CLK" Name="seppe_clock_utilization_routed.rpt"/>
  <File Type="ROUTE-BUS-SKEW" Name="seppe_bus_skew_routed.rpt"/>
  <File Type="ROUTE-BUS-SKEW-PB" Name="seppe_bus_skew_routed.pb"/>
  <File Type="ROUTE-BUS-SKEW-RPX" Name="seppe_bus_skew_routed.rpx"/>
  <File Type="POSTROUTE-PHYSOPT-DCP" Name="seppe_postroute_physopt.dcp"/>
  <File Type="POSTROUTE-PHYSOPT-BLACKBOX-DCP" Name="seppe_postroute_physopt_bb.dcp"/>
  <File Type="POSTROUTE-PHYSOPT-TIMING" Name="seppe_timing_summary_postroute_physopted.rpt"/>
  <File Type="POSTROUTE-PHYSOPT-TIMING-PB" Name="seppe_timing_summary_postroute_physopted.pb"/>
  <File Type="POSTROUTE-PHYSOPT-TIMING-RPX" Name="seppe_timing_summary_postroute_physopted.rpx"/>
  <File Type="POSTROUTE-PHYSOPT-BUS-SKEW" Name="seppe_bus_skew_postroute_physopted.rpt"/>
  <File Type="BG-BIT" Name="seppe.bit"/>
  <File Type="POSTROUTE-PHYSOPT-BUS-SKEW-PB" Name="seppe_bus_skew_postroute_physopted.pb"/>
  <File Type="POSTROUTE-PHYSOPT-BUS-SKEW-RPX" Name="seppe_bus_skew_postroute_physopted.rpx"/>
  <File Type="BITSTR-NKY" Name="seppe.nky"/>
  <File Type="BITSTR-BMM" Name="seppe_bd.bmm"/>
  <File Type="PDI-FILE" Name="seppe.pdi"/>
  <File Type="RCFI_FILE" Name="seppe.rcfi"/>
  <File Type="CFI_FILE" Name="seppe.cfi"/>
  <File Type="RNPI_FILE" Name="seppe.rnpi"/>
  <File Type="NPI_FILE" Name="seppe.npi"/>
  <File Type="RBD_FILE" Name="seppe.rbd"/>
  <File Type="BITSTR-LTX" Name="debug_nets.ltx"/>
  <File Type="BITSTR-LTX" Name="seppe.ltx"/>
  <File Type="BITSTR-SYSDEF" Name="seppe.sysdef"/>
  <File Type="BG-BGN" Name="seppe.bgn"/>
  <File Type="BG-DRC" Name="seppe.drc"/>
  <File Type="RDI-RDI" Name="seppe.vdi"/>
  <File Type="WBT-USG" Name="usage_statistics_webtalk.html"/>
  <File Type="ROUTE-RQS" Name="seppe_routed.rqs"/>
  <File Type="POSTROUTE-PHYSOPT-RQS" Name="seppe_postroute_physopted.rqs"/>
  <File Type="ROUTE-RQS-RPT" Name="route_report_qor_suggestions_0.rpt"/>
  <File Type="POSTROUTE-PHYSOPT-RQS-RPT" Name="postroute_physopt_report_qor_suggestions_0.rpt"/>
  <FileSet Name="sources" Type="DesignSrcs" RelSrcDir="$PSRCDIR/sources_1" RelGenDir="$PGENDIR/sources_1">
    <Filter Type="Srcs"/>
    <File Path="$PSRCDIR/sources_1/new/seppe.vhd">
      <FileInfo>
        <Attr Name="UsedIn" Val="synthesis"/>
        <Attr Name="UsedIn" Val="simulation"/>
      </FileInfo>
    </File>
    <Config>
      <Option Name="DesignMode" Val="RTL"/>
      <Option Name="TopModule" Val="seppe"/>
      <Option Name="TopAutoSet" Val="TRUE"/>
    </Config>
  </FileSet>
  <FileSet Name="constrs_in" Type="Constrs" RelSrcDir="$PSRCDIR/constrs_1">
    <Filter Type="Constrs"/>
    <File Path="$PSRCDIR/constrs_1/new/io.xdc">
      <FileInfo>
        <Attr Name="UsedIn" Val="synthesis"/>
        <Attr Name="UsedIn" Val="implementation"/>
      </FileInfo>
    </File>
    <Config>
      <Option Name="TargetConstrsFile" Val="$PSRCDIR/constrs_1/new/io.xdc"/>
      <Option Name="ConstrsType" Val="XDC"/>
    </Config>
  </FileSet>
  <FileSet Name="utils" Type="Utils" RelSrcDir="$PSRCDIR/utils_1">
    <Filter Type="Utils"/>
    <File Path="$PSRCDIR/utils_1/imports/synth_1/seppe.dcp">
      <FileInfo>
        <Attr Name="UsedIn" Val="synthesis"/>
        <Attr Name="UsedIn" Val="implementation"/>
        <Attr Name="UsedInSteps" Val="synth_1"/>
        <Attr Name="AutoDcp" Val="1"/>
      </FileInfo>
    </File>
    <Config>
      <Option Name="TopAutoSet" Val="TRUE"/>
    </Config>
  </FileSet>
  <Strategy Version="1" Minor="2">
    <StratHandle Name="Vivado Implementation Defaults" Flow="Vivado Implementation 2022"/>
    <Step Id="init_design"/>
    <Step Id="opt_design"/>
    <Step Id="power_opt_design"/>
    <Step Id="place_design"/>
    <Step Id="post_place_power_opt_design"/>
    <Step Id="phys_opt_design"/>
    <Step Id="route_design"/>
    <Step Id="post_route_phys_opt_design"/>
    <Step Id="write_bitstream"/>
  </Strategy>
</GenRun>
